<?xml version="1.0" encoding="ISO-8859-1"?>
<?xml-stylesheet type="text/xsl" href="novedades.xsl" ?>
<datos>
<peliculas>
	<pelicula>
		<titulo>La vida de Brian</titulo>
		<id>1</id>
		<precio>5</precio>
		<categoria>Comedia</categoria>
		<fecha>1979</fecha>
		<img type="jpg">vidabrian.jpg</img>
	</pelicula>

	<pelicula>
		<titulo>Los caballeros de la mesa cuadrada.</titulo>
		<id>2</id>
		<precio>4</precio>
		<categoria>Comedia</categoria>
		<fecha>1975</fecha>
		<img type="jpg">caballerosmesa.jpg</img>
	</pelicula>

	<pelicula>
		<titulo>El sentido de la vida</titulo>
		<id>3</id>
		<precio>5</precio>
		<categoria>Comedia</categoria>
		<fecha>1983</fecha>
		<img type="jpg">sentidovida.jpg</img>
	</pelicula>

	<pelicula>
		<titulo>Dos colgaos muy fumaos</titulo>
		<id>4</id>
		<precio>5</precio>
		<categoria>Comedia</categoria>
		<fecha>1955</fecha>
		<img type="jpg">colgaosfumaos.jpg</img>
	</pelicula>

	<pelicula>
		<titulo>Colega, ¿donde esta mi coche?</titulo>
		<id>5</id>
		<precio>6</precio>
		<categoria>Comedia</categoria>
		<fecha>1985</fecha>
		<img type="jpg">colegacoche.jpg</img>
	</pelicula>

	<pelicula>
		<titulo>Braindead: Tu madre se ha comido a mi perro</titulo>
		<id>6</id>
		<precio>8</precio>
		<categoria>Batiburrillo de ideas</categoria>
		<fecha>2015</fecha>
		<img type="jpg">braindead.jpg</img>
	</pelicula>

</peliculas>
</datos>
