<?xml version="1.0" encoding="UTF-8"?>
<!DOCTYPE sun-ejb-jar PUBLIC "-//Sun Microsystems, Inc.//DTD Application Server 9.0 EJB 3.0//EN" "http://www.sun.com/software/appserver/dtds/sun-ejb-jar_3_0-0.dtd">
<sun-ejb-jar>
  <enterprise-beans>
    <ejb>
		<ejb-name>VisaCancelacionJMSBean</ejb-name>
		<mdb-connection-factory>
			<jndi-name>jms/VisaConnectionFactory</jndi-name><!-- igual explota -->
		</mdb-connection-factory>
      <!-- DONE - definir el nombre de la connection factory -->
    </ejb>
  </enterprise-beans>
</sun-ejb-jar>
