<?xml version="1.0" encoding="UTF-8"?>
<project-private xmlns="http://www.netbeans.org/ns/project-private/1">
    <editor-bookmarks xmlns="http://www.netbeans.org/ns/editor-bookmarks/2" lastBookmarkId="0"/>
    <open-files xmlns="http://www.netbeans.org/ns/projectui-open-files/2">
        <group>
            <file>file:/home/alumnos/e281377/NetBeansProjects/cuatroEnRayacliente/web/index.html</file>
            <file>file:/home/alumnos/e281377/NetBeansProjects/cuatroEnRayacliente/build/generated-sources/jax-ws/webservice/CreateGameResponse.java</file>
            <file>file:/home/alumnos/e281377/NetBeansProjects/cuatroEnRayacliente/build/generated-sources/jax-ws/webservice/CreateGame.java</file>
            <file>file:/home/alumnos/e281377/NetBeansProjects/cuatroEnRayacliente/build/generated-sources/jax-ws/webservice/WebServiceServer.java</file>
            <file>file:/home/alumnos/e281377/NetBeansProjects/cuatroEnRayacliente/build/generated-sources/jax-ws/webservice/WebServiceServer_Service.java</file>
        </group>
    </open-files>
</project-private>
